[
  {
    "name":"Plakar, Domino sa kliznim vratima, 134x56x204, boja: svetla sonoma",
    "code":"CX65",
    "_id":1
  },
  {
    "name":"Tepih, Plava suza, 160x200",
    "code":"KP13",
    "_id":2
  },
  {
    "name":"Lampa, Helios A, podna",
    "code":"KP29",
    "_id":3
  },
  {
    "name":"Pisaci sto, Lambda 2",
    "code":"CX59",
    "_id":4
  },
  {
    "name":"Komoda, Keln ugaona, boja: svetla sonoma",
    "code":"CX14",
    "_id":5
  },
  {
    "name":"Komoda, moderan hrast, 97x92x57",
    "code":"FZ30",
    "_id":6
  },
  {
    "name":"Trpezarijska stolica, Barsa, bela",
    "code":"KP54",
    "_id":7
  },
  {
    "name":"Barska stolica, BARI, Dostupna u bojma: bez, crvena, bela i crna",
    "code":"KP12",
    "_id":8
  },
  {
    "name":"Cipelar VITO, Dostupan u bojama: svetla sonoma, bukva i wenge",
    "code":"CX26",
    "_id":9
  },
  {
    "name":"Pisaci sto LATINO, 137x67x75, boja: wenge",
    "code":"KP29",
    "_id":10
  },
  {
    "name":"Pisaci sto, OXFORD sa fiokom, 100x50x75, dostupan u bojama: bukva, wenge i sonoma",
    "code":"FZ22",
    "_id":11
  },
  {
    "name":"Barska stolica, TARA, dostupna u vise boja",
    "code":"FZ25",
    "_id":12
  }
]