[{"_id":1,"dateOfRecording":"","dateOfCreation":"2016-01-17T23:00:00.000Z","transactionType":"delivery","status":"opened","year":2016,"businessPartner":{"name":"Fabrika namestaja Numanovic","city":"Novi Pazar","address":"Rudjera Boskovica"}},{"dateOfRecording":"2016-01-25T23:00:00.000Z","transactionType":"delivery","businessPartner":{"name":"Jasen","city":"Kraljevo","address":"Industrijska bb"},"dateOfCreation":"2016-01-25T23:00:00.000Z","status":"recorded","_id":2,"year":2016},{"dateOfRecording":"","transactionType":"receipt","businessPartner":{"name":"Antares stolice d.o.o.","city":"Pristanisna 1","address":"Senta"},"dateOfCreation":"2016-01-24T23:00:00.000Z","status":"opened","_id":3,"year":2016},{"dateOfRecording":"","transactionType":"delivery","businessPartner":{"name":"Ginko d.o.o.","city":"Pozega","address":"Bana Milutina bb"},"dateOfCreation":"2016-01-28T23:00:00.000Z","status":"opened","_id":4,"year":2016},{"dateOfRecording":"2016-01-06T23:00:00.000Z","transactionType":"receipt","businessPartner":{"name":"Kovel Helios","city":"Beograd","address":"Nikodima Milasa 1a"},"dateOfCreation":"2016-01-06T23:00:00.000Z","status":"recorded","_id":5,"year":2016},{"dateOfRecording":"2016-01-10T23:00:00.000Z","transactionType":"delivery","businessPartner":{"name":"Confido enterijeri","city":"Novi Sad","address":"Mileve Marić 6"},"dateOfCreation":"2016-01-10T23:00:00.000Z","status":"recorded","_id":6,"year":2016},{"dateOfRecording":"","transactionType":"delivery","businessPartner":{"name":"Hrast Nameštaj","city":"Bosilegrad","address":"Industrijska bb"},"dateOfCreation":"2016-01-19T23:00:00.000Z","status":"opened","_id":7,"year":2016},{"dateOfRecording":"2016-01-18T23:00:00.000Z","transactionType":"delivery","businessPartner":{"name":"Jasen","city":"Kraljevo","address":"Industrijska bb"},"dateOfCreation":"2016-01-18T23:00:00.000Z","status":"recorded","_id":8,"year":2016},{"dateOfRecording":"2016-01-24T23:00:00.000Z","transactionType":"receipt","businessPartner":{"name":"Linea Milanovic","city":"Beograd","address":"Vojislava Ilića 59"},"dateOfCreation":"2016-01-24T23:00:00.000Z","status":"recorded","_id":9,"year":2016},{"dateOfRecording":"","transactionType":"delivery","businessPartner":{"name":"Hrast Nameštaj","city":"Bosilegrad","address":"Industrijska bb"},"dateOfCreation":"2016-01-20T23:00:00.000Z","status":"opened","_id":10,"year":2016},{"dateOfRecording":"2016-01-12T23:00:00.000Z","transactionType":"delivery","businessPartner":{"name":"Jasen","city":"Kraljevo","address":"Industrijska bb"},"dateOfCreation":"2016-01-12T23:00:00.000Z","status":"recorded","_id":11,"year":2016},{"dateOfRecording":"2016-01-11T23:00:00.000Z","transactionType":"delivery","businessPartner":{"name":"Linea Milanovic","city":"Beograd","address":"Vojislava Ilića 59"},"dateOfCreation":"2016-01-11T23:00:00.000Z","status":"recorded","_id":12,"year":2016},{"dateOfRecording":"","transactionType":"delivery","businessPartner":{"name":"Trend stil","city":"Nis","address":"Humska 17b"},"dateOfCreation":"2016-01-18T23:00:00.000Z","status":"opened","_id":13,"year":2016}]