[{"price":7948.72,"documents":1,"_id":1,"article":"FZ30","quantity":6},{"price":7849.99,"documents":1,"_id":2,"article":"CX14","quantity":8},{"price":7366.81,"documents":1,"_id":3,"article":"KP12","quantity":10},{"price":7220.68,"documents":1,"_id":4,"article":"CX65","quantity":6},{"price":8128.52,"documents":1,"_id":5,"article":"KP54","quantity":9},{"price":7387.2,"documents":1,"_id":6,"article":"CX14","quantity":4},{"price":7059.19,"documents":1,"_id":7,"article":"KP13","quantity":6},{"price":7829.37,"documents":2,"_id":1,"article":"CX65","quantity":3},{"price":7829.52,"documents":2,"_id":2,"article":"CX26","quantity":7},{"price":7534.75,"documents":2,"_id":3,"article":"CX26","quantity":3},{"price":8348.8,"documents":2,"_id":4,"article":"CX14","quantity":5},{"price":7590.67,"documents":2,"_id":5,"article":"KP54","quantity":5},{"price":7292.13,"documents":2,"_id":6,"article":"CX59","quantity":5},{"price":7186.78,"documents":2,"_id":7,"article":"CX26","quantity":7},{"price":8045.24,"documents":3,"_id":1,"article":"KP29","quantity":6},{"price":7297.12,"documents":3,"_id":2,"article":"FZ22","quantity":5},{"price":7618.58,"documents":3,"_id":3,"article":"FZ22","quantity":5},{"price":7687.82,"documents":3,"_id":4,"article":"FZ30","quantity":9},{"price":7420.76,"documents":3,"_id":5,"article":"CX59","quantity":9},{"price":7024.13,"documents":3,"_id":6,"article":"FZ30","quantity":5},{"price":7900.24,"documents":3,"_id":7,"article":"FZ22","quantity":6},{"price":8383.91,"documents":3,"_id":8,"article":"FZ30","quantity":8},{"price":7331.25,"documents":3,"_id":9,"article":"KP13","quantity":9},{"price":7253.23,"documents":3,"_id":10,"article":"FZ22","quantity":3},{"price":7401.96,"documents":3,"_id":11,"article":"KP29","quantity":5},{"price":7665.23,"documents":3,"_id":12,"article":"KP54","quantity":6},{"price":7336.48,"documents":4,"_id":1,"article":"FZ25","quantity":6},{"price":7979.31,"documents":4,"_id":2,"article":"KP29","quantity":4},{"price":7248.86,"documents":4,"_id":3,"article":"KP54","quantity":7},{"price":8065.44,"documents":4,"_id":4,"article":"CX26","quantity":3},{"price":7693.36,"documents":4,"_id":5,"article":"FZ30","quantity":6},{"price":7999.65,"documents":4,"_id":6,"article":"KP12","quantity":6},{"price":8299.57,"documents":4,"_id":7,"article":"CX14","quantity":4},{"price":7627.73,"documents":4,"_id":8,"article":"KP29","quantity":10},{"price":7303.93,"documents":4,"_id":9,"article":"KP54","quantity":7},{"price":7209.74,"documents":4,"_id":10,"article":"FZ25","quantity":6},{"price":7985.04,"documents":4,"_id":11,"article":"KP13","quantity":3},{"price":7123.99,"documents":5,"_id":1,"article":"KP29","quantity":8},{"price":8082.96,"documents":5,"_id":2,"article":"CX65","quantity":8},{"price":7221.55,"documents":5,"_id":3,"article":"KP54","quantity":4},{"price":7353.76,"documents":5,"_id":4,"article":"CX65","quantity":3},{"price":7781.07,"documents":5,"_id":5,"article":"KP29","quantity":6},{"price":8307.65,"documents":5,"_id":6,"article":"FZ30","quantity":8},{"price":7565.7,"documents":5,"_id":7,"article":"KP29","quantity":8},{"price":7367.14,"documents":5,"_id":8,"article":"KP29","quantity":10},{"price":8279.88,"documents":5,"_id":9,"article":"CX26","quantity":7},{"price":8031.05,"documents":5,"_id":10,"article":"FZ25","quantity":10},{"price":8361.61,"documents":5,"_id":11,"article":"FZ30","quantity":6},{"price":7922.8,"documents":5,"_id":12,"article":"CX26","quantity":5},{"price":7979.5,"documents":5,"_id":13,"article":"KP29","quantity":3},{"price":8434.73,"documents":6,"_id":1,"article":"KP13","quantity":5},{"price":8065,"documents":6,"_id":2,"article":"KP12","quantity":3},{"price":7832.4,"documents":6,"_id":3,"article":"KP13","quantity":6},{"price":7441.17,"documents":6,"_id":4,"article":"KP12","quantity":9},{"price":8302,"documents":6,"_id":5,"article":"KP13","quantity":10},{"price":7476.07,"documents":6,"_id":6,"article":"CX65","quantity":5},{"price":7339.21,"documents":6,"_id":7,"article":"KP29","quantity":8},{"price":7427.3,"documents":6,"_id":8,"article":"KP29","quantity":3},{"price":7043.32,"documents":6,"_id":9,"article":"KP12","quantity":3},{"price":8128.39,"documents":6,"_id":10,"article":"KP12","quantity":4},{"price":8223.67,"documents":6,"_id":11,"article":"KP12","quantity":3},{"price":7332.77,"documents":7,"_id":1,"article":"CX59","quantity":6},{"price":7986.66,"documents":7,"_id":2,"article":"KP29","quantity":3},{"price":8014.07,"documents":7,"_id":3,"article":"CX14","quantity":9},{"price":7096.32,"documents":7,"_id":4,"article":"CX14","quantity":7},{"price":7730.52,"documents":7,"_id":5,"article":"CX65","quantity":5},{"price":7229.95,"documents":7,"_id":6,"article":"KP29","quantity":6},{"price":7522.26,"documents":7,"_id":7,"article":"CX26","quantity":7},{"price":7202.33,"documents":7,"_id":8,"article":"FZ25","quantity":7},{"price":7515.2,"documents":7,"_id":9,"article":"KP29","quantity":8},{"price":7963.47,"documents":7,"_id":10,"article":"CX59","quantity":8},{"price":7001.37,"documents":8,"_id":1,"article":"CX59","quantity":6},{"price":8093.53,"documents":8,"_id":2,"article":"FZ22","quantity":3},{"price":7731.16,"documents":8,"_id":3,"article":"KP29","quantity":9},{"price":7375.38,"documents":8,"_id":4,"article":"FZ22","quantity":7},{"price":7475.73,"documents":8,"_id":5,"article":"CX59","quantity":9},{"price":7880.58,"documents":8,"_id":6,"article":"CX26","quantity":6},{"price":7109.83,"documents":8,"_id":7,"article":"FZ22","quantity":3},{"price":7573.46,"documents":9,"_id":1,"article":"CX65","quantity":9},{"price":7999.91,"documents":9,"_id":2,"article":"CX59","quantity":9},{"price":7388.05,"documents":9,"_id":3,"article":"KP54","quantity":6},{"price":7999.46,"documents":9,"_id":4,"article":"CX59","quantity":6},{"price":8472.07,"documents":9,"_id":5,"article":"KP29","quantity":10},{"price":7212.08,"documents":9,"_id":6,"article":"CX14","quantity":4},{"price":7200.86,"documents":9,"_id":7,"article":"KP29","quantity":10},{"price":7018.8,"documents":9,"_id":8,"article":"FZ30","quantity":10},{"price":8187.42,"documents":9,"_id":9,"article":"KP29","quantity":10},{"price":7308.07,"documents":10,"_id":1,"article":"CX14","quantity":10},{"price":7352.78,"documents":10,"_id":2,"article":"KP12","quantity":5},{"price":7335.62,"documents":10,"_id":3,"article":"FZ25","quantity":3},{"price":7893.91,"documents":10,"_id":4,"article":"CX65","quantity":4},{"price":7145.25,"documents":10,"_id":5,"article":"CX65","quantity":3},{"price":8488.06,"documents":10,"_id":6,"article":"KP12","quantity":3},{"price":7467.08,"documents":10,"_id":7,"article":"KP29","quantity":7},{"price":7822.3,"documents":10,"_id":8,"article":"CX65","quantity":8},{"price":7431.68,"documents":10,"_id":9,"article":"CX14","quantity":6},{"price":7624.83,"documents":10,"_id":10,"article":"FZ30","quantity":3},{"price":7102.06,"documents":10,"_id":11,"article":"KP54","quantity":9},{"price":7144.52,"documents":11,"_id":1,"article":"KP54","quantity":7},{"price":7623.23,"documents":11,"_id":2,"article":"KP29","quantity":6},{"price":7047.1,"documents":11,"_id":3,"article":"KP12","quantity":10},{"price":7586.76,"documents":11,"_id":4,"article":"FZ30","quantity":9},{"price":7681.19,"documents":11,"_id":5,"article":"KP12","quantity":5},{"price":8244.72,"documents":11,"_id":6,"article":"KP54","quantity":6},{"price":7484.89,"documents":11,"_id":7,"article":"CX14","quantity":5},{"price":7583.88,"documents":11,"_id":8,"article":"CX65","quantity":9},{"price":7339.36,"documents":11,"_id":9,"article":"CX65","quantity":3},{"price":7033.39,"documents":11,"_id":10,"article":"FZ25","quantity":9},{"price":8228.36,"documents":11,"_id":11,"article":"CX59","quantity":7},{"price":7449.15,"documents":11,"_id":12,"article":"KP13","quantity":9},{"price":7412.81,"documents":11,"_id":13,"article":"CX65","quantity":3},{"price":7031.51,"documents":12,"_id":1,"article":"KP12","quantity":3},{"price":7797.46,"documents":12,"_id":2,"article":"FZ22","quantity":4},{"price":7716.67,"documents":12,"_id":3,"article":"KP13","quantity":5},{"price":7830.38,"documents":12,"_id":4,"article":"KP29","quantity":4},{"price":8062.37,"documents":12,"_id":5,"article":"FZ22","quantity":4},{"price":7622.46,"documents":12,"_id":6,"article":"CX59","quantity":10},{"price":8340.82,"documents":12,"_id":7,"article":"FZ22","quantity":8},{"price":8275.74,"documents":13,"_id":1,"article":"KP29","quantity":9},{"price":8344.27,"documents":13,"_id":2,"article":"CX26","quantity":5},{"price":8066.22,"documents":13,"_id":3,"article":"FZ30","quantity":5},{"price":8265.73,"documents":13,"_id":4,"article":"KP29","quantity":6},{"price":8232.24,"documents":13,"_id":5,"article":"FZ22","quantity":6},{"price":8211.56,"documents":13,"_id":6,"article":"CX59","quantity":4},{"price":8077.49,"documents":13,"_id":7,"article":"FZ30","quantity":9},{"price":7240.86,"documents":13,"_id":8,"article":"FZ22","quantity":9},{"price":7787.7,"documents":13,"_id":9,"article":"CX14","quantity":6},{"price":8494.22,"documents":13,"_id":10,"article":"KP13","quantity":4},{"price":7657.49,"documents":13,"_id":11,"article":"FZ30","quantity":9},{"price":7024.44,"documents":13,"_id":12,"article":"KP12","quantity":5},{"price":7577.94,"documents":13,"_id":13,"article":"CX14","quantity":4},{"_id":14,"documents":"1","price":2899.32,"quantity":6,"article":"KP29"},{"_id":15,"documents":"1","price":2100,"quantity":4,"article":"FZ25"},{"_id":16,"documents":"3","price":8091,"quantity":4,"article":"CX59"}]